{"test_acc": 0.8436840541497437, "test_sens": 0.7072335561850566, "test_spec": 0.9065354474729329, "test_prec": 0.7783960496808546, "test_f1": 0.7387670054784433, "test_mcc": 0.6313132160456102, "test_auc": 0.8987845920443069}