{"test_acc": 0.8425651550292969, "test_sens": 0.7394331641698241, "test_spec": 0.8963166262986351, "test_prec": 0.7884895709754879, "test_f1": 0.7629434024574255, "test_mcc": 0.6461129212392596, "test_auc": 0.9038021971647945}