{"test_acc": [0.8367065191268921, 0.8369668126106262, 0.8347968459129333, 0.8372125625610352, 0.835139274597168], "test_sens": [0.7836067916927414, 0.7822230937029314, 0.7602220377771619, 0.7687759952711587, 0.7793981216258743], "test_spec": [0.8704223492729751, 0.8716387719119973, 0.8825120647254489, 0.8808953801446842, 0.8708031287453707], "test_prec": [0.7940815038210011, 0.7952373850405443, 0.8059641609532769, 0.8056021853563777, 0.7949418333825282], "test_f1": [0.7886593341827393, 0.788523256778717, 0.7822713255882263, 0.7865817546844482, 0.7869476079940796], "test_mcc": [0.6556339859962463, 0.6558910608291626, 0.650062620639801, 0.655563473701477, 0.6525977849960327], "test_auc": [0.9068698883056641, 0.9069082140922546, 0.9044938683509827, 0.9059253931045532, 0.9053519368171692]}