{"test_acc": 0.8456452990341692, "test_sens": 0.7356684038526746, "test_spec": 0.901752760510053, "test_prec": 0.7932024409843457, "test_f1": 0.7630800891438577, "test_mcc": 0.649998354198658, "test_auc": 0.9053862456349316}