{"test_acc": 0.8495859806794824, "test_sens": 0.7246718842630897, "test_spec": 0.9106528887162731, "test_prec": 0.8028980057969937, "test_f1": 0.7613088298905073, "test_mcc": 0.6534032662213647, "test_auc": 0.898649350866811}