{"test_acc": 0.8450075507164001, "test_sens": 0.7447153806686402, "test_spec": 0.8957757234573365, "test_prec": 0.7841518640518188, "test_f1": 0.7636297464370727, "test_mcc": 0.6490802645683289, "test_auc": 0.9048108935356141}