{"test_acc": 0.8467832565307617, "test_sens": 0.7384957194328308, "test_spec": 0.9011417388916015, "test_prec": 0.7899494290351867, "test_f1": 0.7630776405334473, "test_mcc": 0.6510026574134826, "test_auc": 0.9056634545326233}