{"test_acc": [0.8373535871505737, 0.8378764986991882, 0.835379958152771, 0.8355277180671692, 0.838202714920044], "test_sens": [0.7580868328892018, 0.7637518186670911, 0.7910020775578838, 0.7573609310662849, 0.7968678631071532], "test_spec": [0.8878251487109262, 0.8851723717712082, 0.8634987308001125, 0.8851992361234913, 0.8643363562239252], "test_prec": [0.81217668446069, 0.8098336940915289, 0.7869678983309718, 0.807918059988685, 0.7894315111666995], "test_f1": [0.7840244174003601, 0.7859329581260681, 0.7888090014457703, 0.7816640138626099, 0.7929903864860535], "test_mcc": [0.6548287868499756, 0.6563951373100281, 0.653964102268219, 0.6508119106292725, 0.6601524353027344], "test_auc": [0.9068564772605896, 0.9067606925964355, 0.9049726724624634, 0.9053204655647278, 0.9076584577560425]}