{"test_acc": 0.8439901844348423, "test_sens": 0.7395326950306214, "test_spec": 0.8981282518106385, "test_prec": 0.7907592920240996, "test_f1": 0.7640135582231894, "test_mcc": 0.6486121698406504, "test_auc": 0.9045724453663857}