{"test_acc": 0.8487622022628785, "test_sens": 0.7401345729827881, "test_spec": 0.9023755073547364, "test_prec": 0.78993901014328, "test_f1": 0.7639365911483764, "test_mcc": 0.6537355065345765, "test_auc": 0.9066402435302734}