{"test_acc": [0.8410879373550415, 0.8403865694999695, 0.8412933945655823, 0.8418221473693848, 0.8417921662330627], "test_sens": [0.7464318949708086, 0.7265704846466714, 0.7490726720295777, 0.751633479771272, 0.752084757280514], "test_spec": [0.8915996446708359, 0.9010760306421671, 0.8900419983469611, 0.8888734140877889, 0.8893723744334189], "test_prec": [0.7865132015346386, 0.7970227704436333, 0.7829828765534327, 0.7797572903949993, 0.7835749150197227], "test_f1": [0.7657520174980164, 0.7600098252296448, 0.7654595971107483, 0.7652626633644104, 0.7673018574714661], "test_mcc": [0.6461911400867845, 0.6423861162004304, 0.6460415093308516, 0.6463244473138212, 0.6478995584878843], "test_auc": [0.9038606216165747, 0.902390791430772, 0.90275260297712, 0.9035478367392753, 0.9040291356875094]}